24036779_0_5608105867560183058.csv~Row63,49772588_0_6549847739640234347.csv~Row81,True
24036779_0_5608105867560183058.csv~Row12,49772588_0_6549847739640234347.csv~Row94,True
24036779_0_5608105867560183058.csv~Row64,49772588_0_6549847739640234347.csv~Row48,True
24036779_0_5608105867560183058.csv~Row78,49772588_0_6549847739640234347.csv~Row136,True
24036779_0_5608105867560183058.csv~Row51,49772588_0_6549847739640234347.csv~Row102,True
24036779_0_5608105867560183058.csv~Row59,49772588_0_6549847739640234347.csv~Row2,True
24036779_0_5608105867560183058.csv~Row17,49772588_0_6549847739640234347.csv~Row19,True
24036779_0_5608105867560183058.csv~Row48,49772588_0_6549847739640234347.csv~Row146,True
24036779_0_5608105867560183058.csv~Row30,49772588_0_6549847739640234347.csv~Row12,True
24036779_0_5608105867560183058.csv~Row49,49772588_0_6549847739640234347.csv~Row82,True
24036779_0_5608105867560183058.csv~Row54,49772588_0_6549847739640234347.csv~Row150,True
24036779_0_5608105867560183058.csv~Row4,49772588_0_6549847739640234347.csv~Row36,True
24036779_0_5608105867560183058.csv~Row72,49772588_0_6549847739640234347.csv~Row56,True
24036779_0_5608105867560183058.csv~Row67,49772588_0_6549847739640234347.csv~Row115,True
24036779_0_5608105867560183058.csv~Row21,49772588_0_6549847739640234347.csv~Row147,True
24036779_0_5608105867560183058.csv~Row80,49772588_0_6549847739640234347.csv~Row3,True
24036779_0_5608105867560183058.csv~Row39,49772588_0_6549847739640234347.csv~Row93,True
24036779_0_5608105867560183058.csv~Row74,49772588_0_6549847739640234347.csv~Row104,True
24036779_0_5608105867560183058.csv~Row68,49772588_0_6549847739640234347.csv~Row71,True
24036779_0_5608105867560183058.csv~Row47,49772588_0_6549847739640234347.csv~Row100,True
24036779_0_5608105867560183058.csv~Row5,49772588_0_6549847739640234347.csv~Row33,True
24036779_0_5608105867560183058.csv~Row71,49772588_0_6549847739640234347.csv~Row130,True
24036779_0_5608105867560183058.csv~Row0,49772588_0_6549847739640234347.csv~Row109,True
24036779_0_5608105867560183058.csv~Row75,49772588_0_6549847739640234347.csv~Row106,True
24036779_0_5608105867560183058.csv~Row42,49772588_0_6549847739640234347.csv~Row44,True
24036779_0_5608105867560183058.csv~Row23,49772588_0_6549847739640234347.csv~Row149,True
24036779_0_5608105867560183058.csv~Row22,49772588_0_6549847739640234347.csv~Row132,True
24036779_0_5608105867560183058.csv~Row25,49772588_0_6549847739640234347.csv~Row105,True
24036779_0_5608105867560183058.csv~Row44,49772588_0_6549847739640234347.csv~Row66,True
24036779_0_5608105867560183058.csv~Row37,49772588_0_6549847739640234347.csv~Row127,True
24036779_0_5608105867560183058.csv~Row14,49772588_0_6549847739640234347.csv~Row126,True
24036779_0_5608105867560183058.csv~Row82,49772588_0_6549847739640234347.csv~Row13,True
24036779_0_5608105867560183058.csv~Row15,49772588_0_6549847739640234347.csv~Row88,True
24036779_0_5608105867560183058.csv~Row73,49772588_0_6549847739640234347.csv~Row98,True
24036779_0_5608105867560183058.csv~Row66,49772588_0_6549847739640234347.csv~Row128,True
24036779_0_5608105867560183058.csv~Row40,49772588_0_6549847739640234347.csv~Row134,True
24036779_0_5608105867560183058.csv~Row69,49772588_0_6549847739640234347.csv~Row57,True
24036779_0_5608105867560183058.csv~Row29,49772588_0_6549847739640234347.csv~Row133,True
24036779_0_5608105867560183058.csv~Row57,49772588_0_6549847739640234347.csv~Row129,True
24036779_0_5608105867560183058.csv~Row55,49772588_0_6549847739640234347.csv~Row39,True
24036779_0_5608105867560183058.csv~Row28,49772588_0_6549847739640234347.csv~Row5,True
24036779_0_5608105867560183058.csv~Row36,49772588_0_6549847739640234347.csv~Row138,True
24036779_0_5608105867560183058.csv~Row62,49772588_0_6549847739640234347.csv~Row67,True
24036779_0_5608105867560183058.csv~Row79,49772588_0_6549847739640234347.csv~Row40,True
24036779_0_5608105867560183058.csv~Row2,49772588_0_6549847739640234347.csv~Row22,True
24036779_0_5608105867560183058.csv~Row53,49772588_0_6549847739640234347.csv~Row143,True
24036779_0_5608105867560183058.csv~Row45,49772588_0_6549847739640234347.csv~Row125,True
24036779_0_5608105867560183058.csv~Row20,49772588_0_6549847739640234347.csv~Row30,True
24036779_0_5608105867560183058.csv~Row58,49772588_0_6549847739640234347.csv~Row77,True
24036779_0_5608105867560183058.csv~Row24,49772588_0_6549847739640234347.csv~Row17,True
24036779_0_5608105867560183058.csv~Row52,49772588_0_6549847739640234347.csv~Row1,True
24036779_0_5608105867560183058.csv~Row19,49772588_0_6549847739640234347.csv~Row51,True
24036779_0_5608105867560183058.csv~Row56,49772588_0_6549847739640234347.csv~Row95,True
24036779_0_5608105867560183058.csv~Row46,49772588_0_6549847739640234347.csv~Row61,True
24036779_0_5608105867560183058.csv~Row16,49772588_0_6549847739640234347.csv~Row16,True
24036779_0_5608105867560183058.csv~Row8,49772588_0_6549847739640234347.csv~Row27,True
24036779_0_5608105867560183058.csv~Row35,49772588_0_6549847739640234347.csv~Row29,True
24036779_0_5608105867560183058.csv~Row18,49772588_0_6549847739640234347.csv~Row58,True
24036779_0_5608105867560183058.csv~Row7,49772588_0_6549847739640234347.csv~Row107,True
24036779_0_5608105867560183058.csv~Row13,49772588_0_6549847739640234347.csv~Row0,True
24036779_0_5608105867560183058.csv~Row43,49772588_0_6549847739640234347.csv~Row116,True
24036779_0_5608105867560183058.csv~Row3,49772588_0_6549847739640234347.csv~Row9,True
24036779_0_5608105867560183058.csv~Row31,49772588_0_6549847739640234347.csv~Row119,True
24036779_0_5608105867560183058.csv~Row26,49772588_0_6549847739640234347.csv~Row35,True
24036779_0_5608105867560183058.csv~Row34,49772588_0_6549847739640234347.csv~Row15,True
24036779_0_5608105867560183058.csv~Row1,49772588_0_6549847739640234347.csv~Row156,True
24036779_0_5608105867560183058.csv~Row27,49772588_0_6549847739640234347.csv~Row148,True
24036779_0_5608105867560183058.csv~Row70,49772588_0_6549847739640234347.csv~Row7,True
24036779_0_5608105867560183058.csv~Row33,49772588_0_6549847739640234347.csv~Row31,True
24036779_0_5608105867560183058.csv~Row60,49772588_0_6549847739640234347.csv~Row8,True
24036779_0_5608105867560183058.csv~Row11,49772588_0_6549847739640234347.csv~Row24,True
