61121469_0_6337620713408906340.csv~Col0,14067031_0_559833072073397908.csv~Col0,True
86297395_0_6919201319699354263.csv~Col3,68779923_0_3859283110041832023.csv~Col2,True
89511064_0_2199624509082573904.csv~Col0,14067031_0_559833072073397908.csv~Col0,True
49772588_0_6549847739640234347.csv~Col0,52299421_0_4473286348258170200.csv~Col0,True
39650055_5_7135804139753401681.csv~Col1,52572391_0_8684896999787304275.csv~Col1,True
74718406_0_3914457597478137388.csv~Col1,19654359_0_3020273135042459469.csv~Col1,True
74718406_0_3914457597478137388.csv~Col3,19654359_0_3020273135042459469.csv~Col3,True
74718406_0_3914457597478137388.csv~Col2,19654359_0_3020273135042459469.csv~Col2,True
61069974_0_1894536874590565102.csv~Col2,55961337_0_6548713781034932742.csv~Col2,True
61069974_0_1894536874590565102.csv~Col4,55961337_0_6548713781034932742.csv~Col4,True
61069974_0_1894536874590565102.csv~Col0,55961337_0_6548713781034932742.csv~Col0,True
61069974_0_1894536874590565102.csv~Col3,55961337_0_6548713781034932742.csv~Col3,True
73988811_0_2775758476756716904.csv~Col1,58891288_0_1117541047012405958.csv~Col0,True
29414811_12_251152470253168163.csv~Col0,22864497_0_8632623712684511496.csv~Col4,True
57938705_0_8737506792349461963.csv~Col2,47709681_0_4437772923903322343.csv~Col0,True
16767252_0_2409448375013995751.csv~Col0,25404227_0_2240631045609013057.csv~Col0,True
55238374_0_3379409961751009152.csv~Col0,68779923_5_2067037721454758189.csv~Col0,True
58891288_0_1117541047012405958.csv~Col0,73988811_0_2775758476756716904.csv~Col1,True
22864497_0_8632623712684511496.csv~Col4,21801207_0_8144839668470123042.csv~Col4,True
22864497_0_8632623712684511496.csv~Col4,21801207_0_8144839668470123042.csv~Col3,True
79327346_0_5787863739697336601.csv~Col3,74491133_0_7177831100884797849.csv~Col0,True
77694908_0_6083291340991074532.csv~Col0,53822652_0_5767892317858575530.csv~Col1,True
68779923_2_1000046510804975562.csv~Col0,55238374_0_3379409961751009152.csv~Col0,True
41336118_0_4331895026409635103.csv~Col2,14380604_4_3329235705746762392.csv~Col2,True
41336118_0_4331895026409635103.csv~Col3,14380604_4_3329235705746762392.csv~Col3,True
29414811_2_4773219892816395776.csv~Col2,46671561_0_6122315295162029872.csv~Col1,True
68779923_1_3240042497463101224.csv~Col0,79327346_0_5787863739697336601.csv~Col3,True
50245608_0_871275842592178099.csv~Col0,25404227_0_2240631045609013057.csv~Col0,True
21362676_0_6854186738074119688.csv~Col1,77694908_0_6083291340991074532.csv~Col2,True
21362676_0_6854186738074119688.csv~Col0,77694908_0_6083291340991074532.csv~Col0,True
57938705_0_8737506792349461963.csv~Col8,36102169_0_7739454799295072814.csv~Col0,True
57938705_0_8737506792349461963.csv~Col6,36102169_0_7739454799295072814.csv~Col2,True
16767252_0_2409448375013995751.csv~Col0,73988811_0_2775758476756716904.csv~Col1,True
91959037_0_7907661684242014480.csv~Col3,66329615_0_3585856495110277641.csv~Col1,True
71840765_0_6664391841933033844.csv~Col1,55027702_0_628532586316851176.csv~Col1,True
88353875_0_4876234304797064286.csv~Col2,1146722_1_7558140036342906956.csv~Col0,True
96203994_0_2127964719640427252.csv~Col2,80184932_0_4240003884724905487.csv~Col1,True
3917335_0_7791699395300625164.csv~Col1,14067031_0_559833072073397908.csv~Col0,True
56224555_0_3713922722778385817.csv~Col2,14380604_4_3329235705746762392.csv~Col2,True
56224555_0_3713922722778385817.csv~Col3,14380604_4_3329235705746762392.csv~Col3,True
50245608_0_871275842592178099.csv~Col0,69881946_0_1105130426898457358.csv~Col0,True
29886325_0_1448173912684571475.csv~Col3,77632062_0_2292892375652659825.csv~Col3,True
29886325_0_1448173912684571475.csv~Col1,77632062_0_2292892375652659825.csv~Col4,True
29886325_0_1448173912684571475.csv~Col4,77632062_0_2292892375652659825.csv~Col4,True
29886325_0_1448173912684571475.csv~Col2,77632062_0_2292892375652659825.csv~Col2,True
64499281_8_7181683886563136802.csv~Col2,61753761_9_4735181228515289890.csv~Col2,True
64499281_8_7181683886563136802.csv~Col3,61753761_9_4735181228515289890.csv~Col3,True
41336118_0_4331895026409635103.csv~Col3,96203994_0_2127964719640427252.csv~Col2,True
48456557_0_3760853481322708783.csv~Col2,71137051_0_8039724067857124984.csv~Col2,True
68779923_2_1000046510804975562.csv~Col0,57943722_0_8666078014685775876.csv~Col0,True
57938705_0_8737506792349461963.csv~Col2,29414811_2_4773219892816395776.csv~Col2,True
57938705_0_8737506792349461963.csv~Col8,29414811_2_4773219892816395776.csv~Col0,True
89511064_0_2199624509082573904.csv~Col0,68779923_4_1832350971585698643.csv~Col0,True
57943722_0_8666078014685775876.csv~Col0,68779923_4_1832350971585698643.csv~Col0,True
28079336_1_3124145965038277571.csv~Col0,41336118_0_4331895026409635103.csv~Col0,True
28079336_1_3124145965038277571.csv~Col4,41336118_0_4331895026409635103.csv~Col4,True
28079336_1_3124145965038277571.csv~Col3,41336118_0_4331895026409635103.csv~Col3,True
28079336_1_3124145965038277571.csv~Col7,41336118_0_4331895026409635103.csv~Col6,True
28079336_1_3124145965038277571.csv~Col2,41336118_0_4331895026409635103.csv~Col2,True
37815699_0_8391788584341609964.csv~Col1,33401079_0_9127583903019856402.csv~Col0,True
46671561_0_6122315295162029872.csv~Col1,29414811_12_251152470253168163.csv~Col2,True
8286121_0_8471791395229161598.csv~Col0,12193237_0_8699643798888088574.csv~Col1,True
3917335_0_7791699395300625164.csv~Col1,68779923_4_1832350971585698643.csv~Col0,True
58891288_0_1117541047012405958.csv~Col0,40844462_1_6230938203735169234.csv~Col1,True
91959037_0_7907661684242014480.csv~Col3,29414811_2_4773219892816395776.csv~Col3,True
